﻿Stato,Abbreviazioni,Popolazione (1-4-2020),Capitale
Alabama,,"5,024,279",Montgomery
Alaska,Ak.[1],"733,391",Juneau
Arizona,,"7,151,502",Phoenix
Arkansas,,"3,011,524",Little Rock
California,Cal.,"39,538,223",Sacramento
Colorado,,"5,773,714",Denver
Connecticut,,"3,605,944",Hartford
Delaware,,"989,948",Dover
Florida,,"21,538,187",Tallahassee
Georgia,Geo.[1],"10,711,908",Atlanta
Hawaii,Hi.;[1] Haw.,"1,455,271",Honolulu
Idaho,Ida.[1],"1,839,106",Boise
Illinois,,"12,812,508",Springfield
Indiana,,"6,785,528",Indianapolis
Iowa,Ioa.[a],"3,190,369",Des Moines
Kansas,Ka.,"2,937,880",Topeka
Kentucky,"Ken., Kent.[b]","4,505,836",Frankfort
Louisiana,,"4,657,757",Baton Rouge
Maine,,"1,362,359",Augusta
Maryland,"Mar., Mary.","6,177,224",Annapolis
Massachusetts,,"7,029,917",Boston
Michigan,,"10,077,331",Lansing
Minnesota,,"5,706,494",Saint Paul
Mississippi,,"2,961,279",Jackson
Missouri,,"6,154,913",Jefferson City
Montana,,"1,084,225",Helena
Nebraska,,"1,961,504",Lincoln
Nevada,,"3,104,614",Carson City
New Hampshire,,"1,377,529",Concord
New York,N. York[2],"20,201,249",Albany
Ohio,"O.,[3] Oh.[1]","11,799,448",Columbus
Oklahoma,,"3,959,353",Oklahoma City
Oregon,,"4,237,256",Salem
Pennsylvania,"Penn.,[1] Penna.[4]","13,002,700",Harrisburg
Tennessee,,"6,910,840",Nashville
Texas,,"29,145,505",Austin
Utah,Ut.[1],"3,271,616",Salt Lake City
Vermont,Verm.[5],"643,077",Montpelier
Virginia,Virg.,"8,631,393",Richmond
Washington,Wn.[6],"7,705,281",Olympia
Wisconsin,Wisc.,"5,893,718",Madison
Wyoming,,"576,851",Cheyenne
